{"cameraMode":{"drawMode":0,"name":"Shaded","section":"Shading Mode"},"sceneLighting":true,"audioPlay":false,"sceneViewState":{"showFog":true,"showMaterialUpdate":false,"showSkybox":true,"showFlares":true,"showImageEffects":true,"showParticleSystems":true},"in2DMode":false,"pivot":{"x":0.2547607421875,"y":1.952392578125,"z":0.3330078125},"rotation":{"x":0.07785118371248245,"y":-0.04245966672897339,"z":0.0033160352613776924,"w":0.9960640072822571},"size":6.645235538482666,"orthographic":true}